id,transaction_hash,amount
1,5dd032e17fbe48af8c0cb7ab5cc42f22,90894.84507406614
2,88dba211b0504d9ca7464899356a0396,59930.250086527594
3,56dedfe9118d4d3883df35f60d777d2a,29164.912122373422
4,c9477c21f28f4ac0968a4ba1cdb54deb,32810.899514508994
5,a6fe901248304993ba43ffbf42060942,31563.71351886732
6,23ebefba910a4569a20a5bf053dd7bfd,83187.71781603732
7,47f45d35a3f3498593bcdc78530bf71d,11453.126045997586
8,c0ccd9f126be4d71b7acb7d2426aca82,82452.18560012318
9,add17b6e0b89443aa375416efaec0510,44367.1730101716
10,0d70ff33f2b34056a3812bb6c6d61fa2,29506.941981904667
11,a385ca7c4b6c4be4891ea1212bfc3212,20009.5837353476
12,fcebdf234b314940b6ff73da3f2fcbe6,28239.72124548362
13,9eec67941ba14969bedd2d16c2bc902a,33714.21903439225
14,1728cd0046944e088df28db4ae508194,92683.51032982432
15,5464172c1b6d424aaf4145a6571cc9a5,24110.69538593459
16,e394eca8249449009f64844c6f2568e4,48179.62933273266
17,7995633aa9704e7a958880c7e490d2ec,18354.842004877646
18,8f459a4a98a64742b5bff74875ce966c,79617.08000447722
19,699c385adf2e42c4b423e2223076a8bb,75432.12311921106
20,042d0a9d962b40faa58fc818eb744182,34506.81533212382
21,eb45842c8d274227adacfccbc3988d31,65978.60731044278
22,129a94654eee4a88a467eed2b75d92d0,81305.96076970038
23,08c41fe7d3c94d8ea2ee8411fbbda2c7,53130.76335470037
24,dae2702b922247859854254cb98876f1,88001.477586595
25,d0d1bc716b784235813dcb6505b218a2,57791.299207107935
26,728c050c3ac5474383e6bb0d3377d239,31474.54823683963
27,a780e79719b94468a91ac0d079204d8e,99297.3078453799
28,4570fd9ec27c4997840d70b1b8d6b43e,44462.613709398254
29,4b0d7c546c0e4cb39759783738f829cf,77206.45174863044
30,d3dea95dbcb34d50aa0a75f90a81a0dd,39546.526836484605
31,82da007894bf4dc58a548bf52765c54b,8268.06206682309
32,0614a40552ff404aae46dd89f72b5d4a,24862.49856189596
33,74d471c666614990886b69a0012efb58,54878.211741290674
34,5193095faa7d40ff84616a989d68fd50,23174.40535550158
35,8f5e3c25202f44279c19d3e858ad53e3,96379.2805245057
36,401ec742069f4857855d60713ea7e1ac,78774.10924012159
37,0d7e2eb7acb343228029ab572a2c1427,84613.44765142484
38,43896c2a3379474a88349eaa8ae9c7f7,59637.08319833526
39,8f06b44bf2cc455ba4871b81a8d7d85d,23249.029638967688
40,eca2a7c628d44d09bacc9b3bd8e0512d,76325.7589440517
41,5f9bc5ad32fa483eb5e162281b21f0b7,39757.87706300861
42,cff2988ebe9b4d32a0e6f125b0952cde,71213.64081909297
43,3f75d786c8bf42ea9df6042149658401,64322.2874282237
44,3b8af8782a39499991ebce63a742cc9c,25892.524713141705
45,9f8d58b695d84794b276918040242187,98248.57133253917
46,b63bbf8d0bf94c099da8303ea06f83e9,68923.81526718315
47,f72109b7d9cb4b059883621217a61f5a,72205.989362914
48,17b1ae9cdf1a4fff83ddecc9d3141b9c,51826.43768973913
49,71b0deecb88540dc963774b25349e0a4,74517.09755137074
50,71b63f0956624a49af552ae782d1764b,9463.51511459549
51,04997895893041529006444b511aa057,41297.21641817567
52,3a1d037bb62442cbb5678c63249de1cf,12774.786626770107
53,67f2bc291b4a4ddf8dd68f0b1503b019,43450.554965495605
54,cfa28ae6d1b54d0ea098cff8d66be342,69598.42196158515
55,f003e1aeccaa43739c2abd7a222bb2d3,1973.167241518592
56,a4f7c5104cb84ba4ad5e453cc7683051,13849.98369588768
57,e47da69e368f41d28764289ed9365b82,79891.54050030789
58,6c5c1eba616b4183b40fbf47f3110161,52816.218142037986
59,830e10c9fa18417caa79eb149a09600b,54675.951360348074
60,7d92b21345b749febb979b418b3758ff,73267.35822013005
61,53d50f83aea049a487121e986c243636,95971.94316031595
62,c20a52957e884b3f86c9cf71fb7deb56,61354.81728396233
63,bdf3972f36804c7cb2e1408892bfda1d,1028.1471373209006
64,e2e1fb6ba42344459c2ec9ea58353d84,86115.46721776786
65,ab0506cf657f4b3aa839f66cd61e320b,79185.11401768382
66,c8601262242d49f790e7b22c3979db48,57389.01915849609
67,904cb9de27844224ae88e44085bef640,69275.17189785274
68,b8758c4e679244768d90267177af1aa4,49664.515157930146
69,c6fcc45c336a4cbfb3754d8bc671d8a8,12703.833778075923
70,f5b3c64e4f0d4b53a1325dff2a9609b2,15619.120539941367
71,e01184a823f0474489e69b5e1c60a8d1,99255.65634185
72,d4a81aeb745f4c8e80a5639f1d69a64d,73536.75718886005
73,874ba64f771748c6b1a00977453175aa,21719.067122059787
74,221fee8b51b4405b87d2eb22565b9cba,58922.404250998836
75,42fd94d9aafa4563a4007e43f84006d0,41228.373150081046
76,ca73fa27ae164c6daf78789801b7bdc2,55743.7620363846
77,c114ca8f91664294be56164e6023c243,91648.7355087317
78,522b6e6f6b1b41cc9648418c07047831,10616.729236148736
79,891637a2e3204e1594b0ea3534d87cd8,80804.94103484343
80,0fb09645edc442658b11db43240b47df,25484.045461422556
81,828874edabed49188ee26b6df59e8011,4259.4326572398695
82,fa816a0258004e85a730ca301069b828,93010.10428668534
83,efc200e6fc914dc08748affef0698dc2,21738.01252356373
84,4d3aa39af4924f5ab39a4f2f8aaa1f8e,60948.62699657243
85,5971aff694a64ca3bdcddb1593054e6d,88776.96364122808
86,ca21c1b3d1da4d96b9a50f9b8b3587c6,28935.566864864548
87,4facea8e7fb94f4290d622bf2c332e1f,82903.29737351771
88,944b6f6c53704df9b1bd5e7d3fdb0888,85741.22930910617
89,095f1f31237f4ecf8cec197760cd3155,69493.27908900222
90,d70aa1bd3e3044fcb061eb9c509cfdd7,82148.33553868356
91,9f8e6cfe4e464095963c526218431755,54221.695537920124
92,ba6b5b4ace48449fb77fcc40f98822d4,77277.94141442762
93,513f03aa182b4578944a14f12b6068e4,69603.08095634567
94,bb2f117bafe444c180dd2edf73397175,63651.28425510147
95,f726b065215144999a4a9cd5a871694a,51333.86735539216
96,84d18f08f19d476e901d3f04f86434cc,31875.15657837685
97,57452b34c53441caa95199189526330d,37496.332238369025
98,d05bbd63130c4a59af478547392b967c,19067.016933530624
99,e0f2e91987e54ca08ee99498983638fa,97943.67275822074
100,2fa02390dd10473c9c7a8ee35c18e9e4,48596.5099168698
101,b40d15a5abfd4e05a191c5e5f849d9ed,91275.36317242574
102,cae63c2411ee48bdb6e098c8a7428d90,4587.732694758195
103,746c54af034b4d04b1323c0b83bdc328,67222.80207237031
104,fc4ac117f8514aacac8fa49e4a9c822e,56254.51594904027
105,28bf235e210b480585025860b9c70f38,39605.81047654911
106,35e611b6671146dd81c2f087b99f7849,74684.22181085414
107,3399b1b7b5dc413ca546ddb9650ce933,37495.36519547388
108,6b1ff242d6b4423abc951fafae04d352,60161.391164905166
109,4d0025c190544c0b89950a0c3c2a64ca,95064.08530977542
110,b543a5f7e3f84d959ca8bb978f51c29b,31678.75926738768
111,5b5b02b55b954080a3319f99ebc475fc,38232.81387773954
112,c5be9e6ea83a43ff938d5c48fc210e65,49772.07637298955
113,999b1f85332b4ac68065b57c9813bcc5,73585.01820153519
114,34cb7a6c43ba47c98105940bca02c2bd,70420.17302127354
115,2c9e3d4138d14df69a4df7d9b7b41358,14333.171978011595
116,791e3c17bc75407986fa89cd6b75d792,3117.1668151266153
117,40e26146dea049d382224b692ebfbd44,91911.29422386667
118,2b41f9d4c8fc438595b66832448948be,18931.761033188865
119,3f471ec14b7d4c1ba29f3f23850cdac1,4680.31033413373
120,9059f4f9331f4a5798378f0448c9d4d6,28011.377613097167
121,b4bc0bfccf614e73b45e1d20ad94e193,3356.255355506599
122,e73be0402fb74f4d87cc196dca6007b4,17615.14555503696
123,956f9920b1de454a9568284453adc20b,42589.36970756479
124,eebea4e8d96a4c0591cc163dd29850c7,87400.17119658166
125,bbe54bf2b3b2401c87d3e062fc7bbfe8,15615.612233477228
126,ba3af159ca39420580ff39b113f308ae,99986.81018815689
127,a7f00aa158be4040b7a2196545dc4771,101.80724916117879
128,0c25bb50e71443b2b9321ed824c847e4,65303.74737630078
129,50db56452e684c0494a3663bc0b5c251,8936.756422823977
130,6febdc43edfb4f3a8b52650e5de29c7d,78162.92004992909
131,5ffcd09290084e66be1f1538967b9bc7,93708.66990425704
132,a2060dfe83254f03a3cb103121928d0b,55648.48341336937
133,745e302018314a9194aca0c517f39ad0,71758.8788103107
134,30e028a2e0de446abb366627e2d61c9c,98480.75203913578
135,ef871da5d3cd47389b6f654e63f6dadd,44061.940146613124
136,4da4161038714d94a7a7b5ae87445690,85225.80354788044
137,9f930a215f5d44f7a2ca07d893ca37be,88362.49711597686
138,1fc5030482084c899083b92ee1e6f7c7,7904.196170927246
139,fe448d64be134970ad55440ca52b12cc,57606.477960179815
140,ebebc055fd044af3b3a18790bff20143,4873.969960198931
141,4bceba25f5c7497092183d43ce43107c,79242.04404959391
142,23bdad58ab6c4f14a0323e97a7e36a4b,86580.19689915678
143,691f163ac3b34a36840e9d234736bc62,76087.46735882718
144,07223f0b38ca4d79b67a696daf5c7497,81097.345685744
145,52424cdd812d40e582d47ebcc8e5c73b,31716.862742327645
146,8ad23a8f46224ab9859279aadaf2e0c9,99691.04232052594
147,980f6b993b7a48d49640f960a9a173b9,87787.57185627992
148,77d416dc3f9b4b88835e7c913e8a77fb,90217.97435586076
149,09cf7b6ba2ee43788618acebcbc1b891,20856.77680591612
150,6a9e62a0500644f9b2ae1ce11ded2c67,71731.28614338124
151,1f1341f9b81e4743afecbcdc56ac46a2,23557.88707122607
152,43185fbe13364b3e993ac400117bab92,63616.14993433942
153,cc2416a7f601429f9aab93379ee93741,16316.949727862218
154,73a024e6e62b4d008e3c2b973c6cd8d3,79704.68193294122
155,b852124397624f92ae9924426a79784c,58476.87372153346
156,0382b1a39a324cc0ba3091907b8b8c82,15430.081256818152
157,2dbf1b3ecfde4e5c90ead9ba530b96e3,78213.77931162906
158,1719a94cf7834d83aded569b02843610,95036.58064250546
159,c41719c7cd804b8cb8b7dbc4f41df930,86846.70462322641
160,f502f8d3a4a34d99b9854b1fcb3093c5,10355.27070369604
161,2db953fe8fbe44238a29fbb67d800b18,79237.78917022712
162,0b6bce830ab64276a05e199d40577980,69403.23878177724
163,75616371fd394d6583d09e18910e2a7c,44505.50327161617
164,ebb667d411bf4cd08dc1fefcb854aac4,41415.5696281279
165,eacacb984d024f4f8450c03952715ac6,28719.590711948505
166,ce291588db3e42d69691b312eb69a8aa,80701.66329860073
167,231e0b9fb82847e88a89f95a5fc35a43,16057.962743542854
168,a142e6008da7427488a6ca3eee745f6a,95416.65750734035
169,cde0a147de3a40628dc63bff9956a6cc,94877.7392054402
170,d7fb116a87a147beb60910f4da51ed7c,30236.669000756545
171,9168f2b713d949dc8a9537b615d4c304,55523.29452524004
172,2338d70c31dc45698f1756707cce728e,5796.4634671047625
173,dd1123d083124c5db3a500d2499f6cb2,54667.912481696745
174,ae831d2f3f6c44f8bb9a761a7d4c05c5,44621.38021994138
175,6c2e0f14a7794ecd9ed848f07b2fe1b7,82308.42718667471
176,6efea1782427406683690aea2aada7e7,29169.865559855014
177,8fbe03ab77934a7bac4f23efade832cd,70257.74634389243
178,e752c2ce45ea42e384b2d84e4f360574,71751.52863325483
179,1154c5d7ea674deb9624b7362ac2cb71,62399.73965217217
180,f068a5924e6f41508014b4a0f6a45427,17003.600649826676
181,988053d39bfb4013a3823f1f70d79d5f,27920.297667298844
182,d68c76724b864c8f868d611620ba1758,45244.386559502025
183,86c3217cf258411eaaa2a2e92a95633f,31746.01653827285
184,b3d1c7b58d994c45a29ac68216b1656d,95731.86835798733
185,7d6feb92306d4f8ea671242fe48a9640,36182.12219352025
186,078e164f2ec84192a2657cf00bdb3eaa,51586.278843894805
187,4d2c51644b8c4b2c93ae921c41a744d4,30935.697331039846
188,15ccb45c8d74421687c7e9b40590d90a,52357.34613864278
189,320bb338aa4e46ab98a2c45414c68912,58549.17193007012
190,34f4369a37774d63a7575f21a362c4a2,75069.36223768003
191,281db7c96fb54d90969716902e5081d8,64893.358258299704
192,162047e77b974098aee5a41e818a252d,56539.91276280263
193,67c26e75872740dca6687f1a44308fa3,14994.295102986987
194,20a361bc7ac8409f8ce386251b83994a,1992.7169265695154
195,26d064b91bcc4c419f0ccdf3e63f1f6b,40231.81477517972
196,f7afb0d8bb38405b96ea50926e3e10d3,98885.30231472808
197,476b48eb97af49a690ff2d9145f56b6c,60005.38895239039
198,4194e62c54aa46e88f278fb013e4b0a6,51364.8647750097
199,da2119f372e74ed0ac7b35646997e64d,91183.8234658004
200,5fd633ba9f7847fc99adf6972091d7bc,27336.11640998602
201,9161ca2f4cc648f0886fa3347acd6aa7,9365.317074601242
202,bc39f8c09a5f4e01bc2a3fd31b1a2ad4,1904.837220183575
203,312550a6c9714bc18c0e5d66459f0e95,1336.487169905809
204,cef55c2ac8f247ecbb23116dd19da9ec,36983.864323417736
205,b6685d5ec3ee457ca3432583abb200df,51412.036958140015
206,cb779e4e1be84162b62925b1315bfd40,32481.681765370286
207,ff213886df9b41fda60aade47bde9801,68303.68382340435
208,11acbb48801047878e53460edcede0d7,27639.299567514707
209,234f697f4c4f4a729a9380927731d062,43102.80491384309
210,1a4e46825c764cd989488afd51872430,51508.423667392955
211,b112c229f7a44863897775ea342df62f,40148.0876140201
212,4fca8a29cec345858473782acea80f32,82966.73801203314
213,0780676ac1d14154a6cc96cf5a271ee8,53640.39358341152
214,453355cba2fc4b31b74c927754aae342,54433.40133306763
215,6fdd20cc159141358dcbf6236e18b825,97895.36637495115
216,47b41f8286a4455c934ca6ab61182e1e,55754.80279612527
217,059b0dd468ab4dfeb43c6b4591180992,93657.62986869579
218,d0a9a31f972a434fa5375666c7a22601,36841.09757730648
219,9a55687b526b49f7a9130a21ff18fe35,36598.36412657742
220,03874d69e89f46edb5f391d1c60202d8,62822.96486601572
221,1a1f23a12a824f6da9cfff05c99afc01,60818.48502904883
222,e633046c57ed44e5838aba4b522ee3d6,53599.20910294271
223,a90aa5dadc7249938ff9e97b4af255a6,34707.420523779576
224,4f4dbfb3e64e4649b451e31abb658bc6,11580.472794411822
225,60d6ac65afae4dba8ddb517ca85601e5,11276.385448848547
226,6d62d642cad64e809e437454d69c0648,58736.17385308701
227,8236ee9d755f482cbdba32fbb5ee53c1,74952.46990124571
228,318b3b970eae43d5a937a98da50e139d,36824.499262114354
229,664633d20d7449b18665ac87078b3821,15670.50636955597
230,866a7bc8f45641249a495146d9203c9d,27685.385838770802
231,01c671c0c3174e12b1a4ba766909fc36,25912.52459040867
232,07e1487d4d294fdcb18f80e0b0ac0427,65842.22706340098
233,511bd20454014bd5ae15993aadf212c1,11371.627270875506
234,da99156d42054879a0b1779914ea2a74,17163.606189818558
235,30e3a21fa12d4ebdaceb94090ae0d41b,87358.19368307549
236,f5576767dd97430f9ce67266ce5f8467,5157.291548674037
237,de6dcc7adc92431cabc69353eec50a85,14457.32704276046
238,311668c167544b8bab5d4acb277f6047,70264.76699161057
239,cd9bac0c46ef45b3ab2e8c09178a38f1,86889.58502666341
240,5844c42ec11343faa6926001bf521c3b,57087.538768388
241,2f0e0177f7f3437e9f2bf14c6f00394f,91960.8879838404
242,39d371c9bb3147ffbc433393fc78455d,27148.19606840124
243,f91f17e1bec24965bcf918c590dc0cb3,24297.401214383117
244,0ebde26e3c45486b86fcc98d0040059e,59804.86667718534
245,21ceff65afe34d40a4bafbaabb7ad6a3,51666.72996791509
246,2da052bbc4bd4a6799c97421a6aa601e,75363.9739422334
247,8dbc517654954180804d8d527c07d6bf,74205.89326420453
248,435a6b7fa2544e438c7e7dec2a41dcec,46118.134918807875
249,c3f70794fd4349b7bbffb50698920164,27459.398215585108
250,4bcf90d66db54ecf913364b005dd8ff3,62210.56680134575
251,757a227a2e724573b0dfaead11a81397,46554.949638736565
252,93d50573442b45f785ed0dd772145282,79328.47907738533
253,da9a34ebf96a4df49fceed7518ba0605,93985.42970099467
254,f94a6a1c651f4c51a3d02c7e7e4da7d1,73237.13966355806
255,2aa47a1e1b2b425a966cd2638fa92c15,2289.9009561208827
256,8d05fbb442a34065b427e9c0f6bb9218,57825.47178324563
257,4b5958b12f5e419ba51ec4ebab39056c,99088.60551986417
258,d540eb4824004ba28bdeea5510a3ec26,82107.13417775149
259,92f2789a3836442fb09d12b6f6241f52,62429.177073587714
260,6e844c73339a4ecf844fe78eb6b9f3b6,94217.20678058884
261,1b0b1caff6bc40cc97a47aef8bf5977e,53978.24433597408
262,65ba66e15b5841f685b7fe263d82c2d9,68442.85903470589
263,740bd12ed6e94c4fac51b2db30534ab7,34717.809524259836
264,4c3f79f850cc4ec9945e4e1f7d0c8b55,39941.01006738502
265,a540d841fb88480fb2fdaa6d8a257aad,11001.513860116196
266,8b1cbc90c3a4438c96025ca9b35ee934,27984.784191052768
267,0bd0562928d445c1824d1a8f9c487df0,63360.04468173517
268,e571a002f77742b4a0c2c707d71b595b,18270.53369443964
269,188e5371b9c24b66b3ca4dcb2e31ca19,50187.267555382445
270,1a098c98326545689744baa45df8d4f0,51400.640674261
271,6d6519490edd48fe859181836ec7890d,57023.56144098662
272,63be7b933e7c49de82eb1cb0a25d5339,2543.0901213151615
273,0b67ee2bac524623bb9571048017de81,8237.491717777157
274,cb7d5ad6ccc5489aac5e42a251ac4421,96026.18019360543
275,61e18f9dfd884bedad53eb8f53eb9f06,47038.3495627689
276,07a2cd34d7ed46d4bc39adce20bae01f,48619.59022694195
277,d1b900b6904c4ab09b1cd91a2980ff37,83186.49636218631
278,af954ced2be54da690a53244fe371e0f,16946.711790316127
279,2f92d8ac23d54551965e09518edb92ec,86903.38803702267
280,dd8d502192dd4817b983b5a13839dd3c,22398.284791961287
281,2cf867f402754c5cb03dda0d617ad9ff,13133.041893804653
282,5b88989b0e44408a907b3c704046264d,26421.608979403034
283,3eea4627ce784a30a3cd93e012568a50,84265.0193706932
284,5645dfe5fdc14e119957f441151a7cbf,30614.466909261628
285,bda62e9824c1456893b09e22c2619822,71323.23411788064
286,44b90c5e4bb1448880e9ef3b407098e0,14718.877976718559
287,05156b3a29a1426bbd0b0dc4409b3d31,92104.27636923967
288,85beede1353345819bdeed72f5c0e86d,70710.32522454645
289,65e7937667214de1af86cae96b32817e,84455.75395760458
290,2cb3ed2dbacc4d0ca9e35f532d57db29,40720.82675532716
291,ea8b6489a1e04c3db15c7a7f4211e23b,38093.413782179974
292,407c3bede1ee49c79a54305515a9e209,47939.469422945345
293,03f94cf8837c482abc46de133803bab7,92970.10472256495
294,ed8e3cc5c008402ebd7d803083795197,15218.447633781463
295,37cc42bc52a948b094faf65dd6e9020e,1139.1024755743383
296,5e1c29d2ebb14f218836091cf601b6f5,85069.56764529673
297,8e3dea76572c48cab762c52f76117d45,75496.89591156773
298,3f72f648c1ac406781bbfcff32e80983,21399.64539608399
299,e1b167bd4f3c45dfbc699849f074c249,70987.30555372279
300,2720808a003b4925a9988b8b1ebec56f,8238.274877678608
301,b8b6f7df7352431fa3d6b91301ffacfe,64101.01897542736
302,8b06d49f94d646689db58a9672a4a7cf,83217.50320848185
303,41da21287d3c413584da6a529c3719b1,24889.451422095786
304,e7af1d97e6ee4e25b9d1b6bb936b8d74,64456.001171528966
305,8382da6b3f104720b427cf99304f336e,63391.22653620084
306,56c13d56c5d54045b7433c29bfbdfb6d,11690.06132714543
307,f8ffdd6cfa0846c196dcbcc9b9dd0ab8,65205.998405143786
308,5f9c46f8473c418b85ec3ff17fda1d87,98538.26590214674
309,61c56ca9f9ec41e084a09727867b5515,33214.01505069236
310,8e89f71e999641ccb90a05fcbaef3083,85471.75398942656
311,2b99de3f360a4f9a819a76910744599a,189.4014517912712
312,d6f5eb5c300a447f9bae73e75dd43ba2,89002.6638547107
313,521a43d0890b46c4abff3b917bf8f867,39396.228490030895
314,403ef2f7d1f242cdad4295a80cf771b0,67375.12400336933
315,50f1725b2a744e2993d650562e7e9c95,5049.047558230879
316,4aeee0f81e124086b2bbe0f5f23ef97c,30252.81898641008
317,31cb90448a82496aabe035c1a53791bb,37129.06406357637
318,771eeb2922e541aab45d122d3c6cfa55,96228.84681630699
319,b67ada725d56421d9d0ba90774ae26af,98610.9189191607
320,a4f082e302a449a1808e11c18e85be38,63353.46788845727
321,98d407380578477cba1808b894b147d9,9492.627790610386
322,b57dc2dd8bf949f692829a0e9264c5ae,76529.9066362433
323,63dbe94dd68a490b916dd6ae95820a8f,81262.18792597685
324,a1b3bf5a5afd4d6c8df5728bbff2c21d,35488.10731773806
325,4644b7c13bff4938887523c48f731ea0,61992.19396777347
326,9b84ab554d1a495aabc3d07ae64ca354,26350.045114756336
327,661a1c53938248b7b8417d3c948cfc14,12319.858704913146
328,0bdb1d06e2524585aa97ec8e05f512ee,37560.91527547975
329,5c9f39ee5ec940d59068e96f2b83ecfc,99540.91390907111
330,0619ab6384fa46a7a991aa8f98daddcf,42369.3111058248
331,c15f0f62944e47b0abbf20358c479a11,2509.5292507923195
332,017d3c5bad624c1eac7a3a87d303b8bc,85502.71182674289
333,08568e09faa14bb7ac8ef2ea2ef306ff,76546.4483726628
334,0ffa7c325f264850a4b918669d0e9c2c,63942.127938012985
335,e9acacf648634de9bc6f1fe1851d5daf,81895.29935864478
336,0c818d0045414448bb2dac13766b11e1,1182.6932133170988
337,480db1b5e3b7453993fad681710aef6c,9946.014251411096
338,289db7920f04460c9baa017546a2fe13,12744.051968460812
339,b5ada56ecfa042febb0448569cc18243,26239.972831854564
340,799cf29b2440480dab3e456ac7b205bb,47621.93773931143
341,77c62b5c0ccd4fc8a948ce515570e55b,77739.36339595636
342,77c11476059247a5bdde9d0f3c067b43,9600.004287724683
343,e6ef90d0d01d4be4aea0b8ed5e4272af,16384.93340668874
344,5f609c828a20427aa799ce2b7d0c57bd,49270.65177274904
345,dc8e134ce0b94bc19ed6f545aeb734ff,74616.64399432148
346,a531124bd6ab44d4b929f66dd4849643,77201.37747814236
347,027dbe55414d43caba531ac43fab2a0a,1982.0331376737333
348,abbced22978743cc963f1a274659da20,42499.2656774498
349,2f3766dfdc124b21b34b9a66f3d58730,45166.46632139076
350,bfb64e5939ea48f7a0ba5b00c30a8d3a,5930.034087449642
351,351afa4c09414f73b6e30c544d6a8eaf,85853.01427311462
352,bf81fb902b4c4c6ea55d24729ec92e42,35488.63884458643
353,92c098d69bb7499b8c24e483bab4e980,19879.155736291086
354,ff0c556f9651419eab27fdc166726798,55442.15620011843
355,d4a41eee5b2d4c5bbbf61b61f9f0df85,45718.21457480591
356,6cca15eeb2d74ab89358812cc674b400,1267.7071830135444
357,5d98c5cf54ba4b7681021bb239d8d795,47975.92391782891
358,cda4008dee40427ca6a43b35640b57cc,92804.2773009892
359,a3637d98ab9642189744b7c887c72a68,39633.47292247107
360,45f7548941594c1e8d76463892876ff4,40574.231377423755
361,29f85622fd064086b2ef6a8e25eaddb5,79249.95760360108
362,eb2a2b75f45e4af981f8672680cec5b9,87777.92983373468
363,bebd109370b44aef9d20cc63ad384db5,76331.42118248699
364,2a4e1dd7c98941d7ac032ec9a2657971,3154.4303520863127
365,7d22aede2a644397a5c088229419a3e7,56778.42908361467
366,566651b0e6ef41079f36b752604c55cb,79840.74411052135
367,c03e3797ea274bd29749114073d6f5b5,36092.77523484535
368,fea4818cbcf04f0c9701b62ae8e02bc2,92200.09804099884
369,ccb1efa4e54c4c9f96c0bd5fc1af1669,53008.691938449825
370,a56df25912394fc78c4df06fe5bc0229,37786.197728284424
371,19b306c2f9064e2f9a77d7c042e6f295,99112.1520380884
372,799331d8dc3d424e958765788df7b10b,67378.29935529803
373,87eec878b6a64d7b9685b0963e5414a0,69556.60378646123
374,c917d27a74ef4de3a9bdaa936f2f0d73,89153.30936561996
375,a3d724a06ee347e3b6b0b2c047c8164c,81744.50542677681
376,b2a4aa0670c2487db3faad321c75bb4c,90525.01692349609
377,f8627b940601432d9b886a0da90da03c,47643.9550083926
378,d991f439f2ed47a9ac7b3bc891a08af4,92568.17195672994
379,3a935a0c65f442449c82aa320e30a274,61835.746147350656
380,941e0d75a8d3455195a52e5c35a6d7ca,48099.806719643326
381,291007a461454362988569df6a7e6eca,15749.15765579692
382,cb5f13b0da974d63a26d7855126fd472,44424.31092826668
383,8e29e97f12df4bb6947bbf06106bd0dc,70368.70473103906
384,bd01c749f9d745f7a0ad86fc298efd2a,53456.54582425387
385,67cb8cc712d84aabb4da2452e93f542c,59611.92819454417
386,1db4e4f8f83e465fa23caff2df63a36b,62967.6741083393
387,efd7241231ab40079b34a6154c41b661,66871.32766222232
388,912e6f1dbce64141ade7aa901e517318,94070.35970276932
389,279cf3fb2c0142af861e8291dc92fbb0,53579.82922603324
390,689b84d79dba483a9f1fbe9140037f88,6827.763025639743
391,5f81676bb666468b984317db46108939,10148.174239838603
392,ac9f858dd74b4435b3e0e0a41509532b,15616.52439450344
393,2b77c0530b054836b3362fdd17513922,17091.24925759168
394,3e5b5dc3f3954eaaa0446ce31e9aa3cb,96126.48422163133
395,ea5f2edeed3642b3a59d9fe70a8af5f6,37278.76704727423
396,5ef7a2372da74f45a5d22188832c554e,70723.34816028234
397,9513e47625cb46d9ba4a6daf1c8e01a9,3316.5228658485703
398,e6568d92301b41458267a618f6a73686,43570.820523387054
399,a99d450a39b84bae8fc53939ee35b71c,46528.827386361714
400,f48a769d4a55475eb5d162677a864b3c,63668.15579313348
401,22db004695fa4bf19a35c1034de1a635,88866.44994358193
402,3b3ee3f670da42fda343bcad9996594f,15749.333635059193
403,4f362eb1a1ae4806af583c2ba52f62ca,77836.42507251503
404,6c0577e752174a6c9b7644994068e477,25439.448474585603
405,7571c307337e48b1b62465b6dd2736ab,13228.876678583145
406,fb4bfc32d2b4494284321463e0f52ad7,71491.24098417084
407,87b3a5103012430db32af7023e279917,67882.64479828045
408,f5585cf780a54fb8af903a7cb4c25bf1,46248.68067322711
409,0fc21a4efbdc40f2822a0a880a3580fd,20564.685336205544
410,b1a8f9aec33f4fc08103af2d563a4804,79548.22070170184
411,1664512c05894be6acf1a294e7e31231,66690.65721282213
412,997c7a7b57574d40bfac7a8b2dba7220,23651.432371228842
413,861807f1fbab46ff99971c99844b6fc3,34670.106731812055
414,730f1c03179c426e813a9cf8705e5ec5,22311.475681443982
415,9c504c77fad64b85b961d4f07676a4d1,67457.1057842483
416,3ac445c0e17c421f845dc50ac5744b1f,53696.86745834858
417,e36784bb362647d1be68966feb6e75e2,61384.92369787503
418,07b4b8fed49a4d40b132d897bdb0c5f4,32047.968508301827
419,2f5eea110b534204b79c02dee9d9e6e7,78272.37692733204
420,7d2c2d9044bf46098f44065ab72a4584,73010.25953577076
421,2f24027916f9472c99a7590d51fbbc41,8669.639015794783
422,4e0a5ed1f31a435188140eac1a809100,50819.58944948911
423,3973748ba54d45c0b332a4ff894ed7cf,54882.916363192206
424,ba4d8435ac0947d39f17ffcb1004fba2,56175.99468748049
425,2262e330d5f9483b9cda3c77a42e4e6f,32405.13323541796
426,4dbbd6e7b3f64128b2d87c56d072ac5c,89148.52694943108
427,4e60057f90634a3f89e85d7a7bacb9b9,50285.459631341386
428,0bdf8486d4b6414f95174f7bdd6ee5a9,42200.959520485536
429,23d9c2354aae4bd38b994cc7e0d03dfe,46579.872295305904
430,537eb5edd9a14873a7dfae823759fd60,90110.26660055906
431,7605de8909784ab6b7ec25e4419eaa4e,63594.80655044909
432,5e62a427ca7d434eabf0aec0ba588f44,48874.6864787428
433,243f721926e049b299e63c374e36f246,14436.874405915602
434,1a6d498fa4bd4a6ea25a787284141bb5,28270.95390670027
435,e595fa20ec8a4295ab918d31e5ce4355,53041.72509953816
436,bb39ce65962041308f55902668689f61,43910.125724843296
437,338c06bde0d6481aac30d5eb5f511219,13113.705843000778
438,40c6829bb42f4824badb65a8c706c865,87889.55699266643
439,474f9ab6ccec4578aba33a792d1b5442,93203.20367892244
440,abb13badbbd34c25ae3a7200de701262,53729.78337118257
441,4862e91fb78a4842aa94128907f46971,8980.750754269295
442,c091a6af937c4baebed8f9c35b135eb7,81593.98806386204
443,146a27b237de431ea0bbcbe97b9769ef,38254.650027722855
444,e3acf8fd9cee431fae990876bfd5df9c,98120.53700005823
445,90560d08bd76408bb7c895e6710636b8,15472.182130011613
446,24fe57e8942f479aa9d4f146a7489111,86853.17046243577
447,79976e2390af4db790725c35bbfafd7e,28506.882269386115
448,a3adfb435bda45ada7c8b1c68b4d8aae,71123.17899117051
449,f6d6fda2edb641dc93bf078c9c7b6a98,73440.59632307263
450,025f5cf60cd74b5e8732fa7be077e9ff,52936.568173288055
451,1261cef0e24e45679e1f0c8a838f8b4c,45237.9020555163
452,4f989ebee123446791eaa09becb36260,9775.089317876595
453,2d5cb35de29f455ba7891f20873649b8,42457.421616829604
454,c156a4437bb24e6693c2ceb293cceebe,1210.9980329886193
455,210499408cf5492f80f5a336b5e4b044,98505.89722087928
456,9737c81d306841e1bed6d4ad2a97985f,12885.35201666946
457,0c92022eec4443e9800774be084dd25f,47660.801536542655
458,153c9fbda7b0442ab5d86726b0c64c3d,35365.04938162842
459,7d7abb6f056f42d89f4713cfcf89fae1,84899.24313949572
460,b575682d32bc4829a32b5a0b64b4425a,43096.82615424743
461,e75323aef6ca4b178e68e17b1493d0de,51262.58585508888
462,3778885507ba4ce888a7d5efa931cac2,76633.23280022616
463,687f5d41a3dd4a8a945cf2f3db108d0e,74109.62147997889
464,11f1681a0ad84366b1ccee878dbfe702,90688.56758029218
465,a3b9f817d76d4bfd8b52ad439a9d1cfd,77721.75954123684
466,6058fda4779f4b50bf4dbb287f5f4aba,48571.6457163822
467,70e240a502644a0bb810a3dc8e1706e8,48459.86475121388
468,3318435a77854b14a64e0c3a509a5ff6,33287.53521236873
469,80d9ebec0dd042d2bc732f36d0b012cd,10493.182945154767
470,1c51be50a10d43fc972a9fadc5620183,47903.10558642727
471,805d4c2bee3b4452b3592d8612810386,7694.602149991747
472,8d27640ae7574c2582653d5b9257a645,57594.94730809615
473,e0bec097e976468eb9c44e85a22b2904,42843.440683716195
474,bf729fc77fc144bc97678c751e73e4b0,60098.714704030965
475,01866664b8c041e4adc53586cdf4e1e8,73831.33374739192
476,77991d39a0894d49ad09072bed8685de,12872.381955687162
477,a639f206829848609f2798b93fa7c56f,55966.68938988599
478,892962a463864b83b37d636219f1d583,74235.83055555039
479,b40e59c39f0c48338fd30ecafff960d7,62468.13886605135
480,a904fd50818b482d8686c08bab01f4af,13385.093805688975
481,3dbb626f8e8d42c99f133e02b70a2f7f,86254.0319600456
482,1ad19aaef61a4b42b5371ce50be5144e,61172.18123528385
483,4395acdef84f48d88e0c2f95dd959188,95928.34708474767
484,0f143feef5ba4a178d486b9ff53ac814,44866.92141447238
485,b90ee9406f524bb3aee4ae111fa8e361,54210.790749038715
486,4091b11fb2f0468caf4a8c22774e7e89,37736.08497187664
487,53a63baec1e847919c9d56253032a64e,25448.81453932979
488,327c541ac1b04261acfd83ac5f86f899,39120.645038149494
489,0442bd245387447eaeccb45978d8471f,62536.78674605291
490,a08e52a6bbb34262bf54b5a4c7f74834,28522.50751170927
491,b438f5c42ba6475fae313aabbd33019d,9686.248275569265
492,f4da739ec1f1492ca9192c39116fa6e6,96454.76532390458
493,46138f07d1a54ddb93c362486c10a898,91202.49064988138
494,bc016144c51942b995e24c46ea1fcc31,89719.2307770041
495,8a545ae0883d48c8b83afb9b9b5f968c,68493.52497480463
496,60f7208e247745ceaff24addf53c9ccb,71071.82111216536
497,d61124c0f3774f7ebd1a5b2fad692ee0,17480.37669155189
498,1f7adce8baf8441382b563e4c9cca5cb,81289.96502578995
499,994deb4be4444a06b86dd80b924becf1,62495.16021480443
500,891ee240716e4784b33b46cfe1932d1a,25581.72951829095
501,4cb9c13fa1e94c21b3a731b38f1a3aaa,25811.999199709855
502,721490e247414e7c89565c1f19d1e788,34903.35663531129
503,0f0ebb34c5fa443ba8178626956a9a2a,92167.4069855033
504,776794a153ba4a5194b1d6097068ae45,91116.27157347971
505,f2970a7e387f493fbd1720f1e6e77387,18278.952049243093
506,eb109c1b7eee449ba43247c23330809c,52251.11310367465
507,820f585fdd5345ae937ecf2dcc39b4c8,92311.23154966702
508,c79a625c08e74fb68c21622c63b8bf8d,79810.51872063712
509,1b0ab74573d746608bfea991efef2a4d,35273.50584419408
510,5b7232cc5fd744b196957c1bb064d039,87734.19799573546
511,6821b9d364784fa6b57cabf4634df8ff,70566.17701169715
512,cec5ee9315a24f2c935187a276caa505,96191.5651037631
513,d5b5babd347e4a72b5f775ca32fb35c9,69136.54519076053
514,156f09a4cfb74a17ba8b35f3cf610864,89021.32000296011
515,37ae55d4134f47898138f9006d594014,1061.409246156364
516,6b30883e1b8144f0b1cb327b2cbd4033,79884.9338447275
517,4bdcfbfdf8c94f70b4506b08b7a43b8a,87696.00821324275
518,6605dfaba1864641a63a37aa4163cc28,20746.233270141856
519,b3236198029345519b83399db13c5806,351.15731536811137
520,b0a944cf5bab457aa0d5d2ba2f0d1e6d,90192.55992837957
521,c48530c410c14117ba159b585f42df3b,66046.69456574706
522,ef0c311f792348339bdb729721a03c5f,68256.35290361928
523,84c55dceef9c4cddb83cbd4652d52d0a,54953.343252127015
524,7c27c4ab97d04a578db8b3af38a1be16,70884.37321675145
525,74bd6e4ac0144028b5816909a5832385,6595.51170706546
526,4d3a5b89cf92422c88af6a16310f8ba0,46589.52211207571
527,1ca1a8c4d7944347ad2889a22e9560dc,97988.42674963862
528,600f2b77f2cc4af5af8802015a51ead5,80647.52592415863
529,e4c398483333438b9402b27e2d985caf,83374.37112308403
530,3d46ea91bd674d819db38854e7ffa830,71758.075091974
531,ca8fc134aae948d8917d87590f3e6643,4403.411958547854
532,77524c1096494d458c124ad27833e466,78508.1822387299
533,5b80114e9260441c858a5dd8970570a5,64099.680290419004
534,66deb7bc652942a9bdb10b4b5242044d,52601.78457545269
535,12c529a3a53840399b3e069ea3236a40,51757.54251243748
536,5f8fa1c4497f4cc6bdc0fc2126ebfb13,86344.0072260591
537,5df1aeae94074800bd253f10cba67077,38492.39005837191
538,86ded85459874438b57100aebed81dc7,61243.31092186915
539,dfd3ac9580f64d45b5e1f3a3441ebeda,69551.88364459989
540,622e5142739a499b8b289ade51fc787b,61086.75158460459
541,17cc32b1ea4e4720a1757b746fa3caac,649.0358428242971
542,068cf360522e402f8cda4575a4b6e028,22265.439039544897
543,605b92adb6974e11afdd7705dc01c0b3,14122.016906510858
544,d3e1a06d2c314b6284b70960d716423a,65274.9499718813
545,7827cf23c553445aab983caf9f0cb22a,53064.51499739173
546,fc03bd97c8e54e5f93763b86c8506768,1470.9538863907578
547,93e0d3bf20144a818b442ceb8651fa50,62140.84979101918
548,a8562953f1344a5c89b66af7cb6cf6bd,25113.781506064293
549,dd7bea2f1e6f41348a4eae654f0d821d,5798.906509139856
550,1888736fd03b4926a26e7e8b9cd503d1,90557.48270594512
551,5c9f0f0c81ed45d290b5201b623f9c92,77764.99419727204
552,3efada689e89430ea88f8101d9cc6cb3,4204.484723245217
553,d1f92961d700474bab1dbaf3f30a6495,12211.45982226015
554,74be01129fb24ea88f606b61b429c26b,8262.856813037233
555,f758649c04cd43018f90e399eb87fccf,68642.54706572663
556,6df38b908a1840eabdf66753c0326702,97580.2159633854
557,65aae2e6a0bd43c98ff7e5635f27b09f,10773.935489303432
558,c5f0f153e1404456980039781f25fdd9,84212.90752922578
559,b646a9037daa4d33870bea586c48f62e,87341.00690354781
560,80dc518e86e04a1e904acc6ca96375df,76584.06889652183
561,2ef3c4f88a19435f8be7fec5819197a5,78205.14576703375
562,54d78a95227640e48793af698dfd62fa,81242.04400876645
563,9d8a88cb4ee240cea9ad111198b3b12e,17881.501792134834
564,828c8c259a65482aae9e38392169f2b8,83438.0054641861
565,38b8f590b138415bb96431ad5b6502fc,75929.12310491424
566,6df327837c624011b1db94ef79de23b6,23328.43146076299
567,45063383d94f4ff493a5d234508f4dd9,99473.90822266521
568,c357d89cedfa4f2b8318de16ecf03dd0,38299.82446479183
569,10c546d9092242a89cf541d827ef630f,12276.838759007436
570,2c7b9956f8e44193aa59450ed817308c,57781.10635545856
571,66839b9a278c423db567f1ed35cadc3e,28127.36828212572
572,0f15da980f2e4603856269d563c28ab9,58022.169474397364
573,9b0499bf07414e34b5765c8f9a7808a1,99754.56506384618
574,24d05868cb224dc1a4d4c63163bd1427,5476.216941435352
575,c1d71780b0ab458bb25f63957851f983,54641.904330747224
576,af3e7f95c5ff44babfb3482d0f4ad106,14714.888483122313
577,3e4eeb1c953c4fdbb92a69adc16f504f,17431.94963613034
578,9f3ef81b75f64cccbfef5b21ceebb413,29925.806475818896
579,a07277b53b7d46db991287b02221c61d,21472.733455590955
580,e1c26204bdb9490abe537bafcbbaf428,24068.41620269171
581,b826a50cc7404342bd89b8db47970c2d,5424.823087009078
582,c17697981f93431a857e27e3540666a9,79561.61675907129
583,ee51f76385f34afc85729dc5c850161b,31012.173328924353
584,0c97741d032a4831b8a50b6fa1fe106e,11136.13437262152
585,5d29d2d6a8354c9d97fdd15c6be47826,62145.069508056826
586,5fbc94fc99044a09b3b0c82c3ea225b8,45593.67760717927
587,96d37ed86c60447d8e774fae4f9695f0,40354.71475978226
588,dffacd641b804278a622431deb338e69,9387.882543521764
589,d1079bfdf55f44b4b1fde9a9660b90f7,97622.47688166818
590,0f451ed9db4441e1910258c3bed3926e,74563.62540268574
591,38899e262d2d4a13837eff2b8fbc74cd,57946.641044663105
592,a154aa2ca41b4ba7907fbfac83298a2b,52063.104174845575
593,bddcd872f7f5463aabe8621aeadd6055,81530.09572206411
594,d727e53a054244a49a5277d51f68b995,29811.774316808882
595,6307810d089941278f5e15f4d005812d,56621.90699006998
596,800939a12a464179a391282b5ccc9e72,48297.000557027
597,c58125533fba4b14b341277aa989ea5c,32258.84603345983
598,7e4944acc5ab498eb63368e3a616f3b4,27677.557662040454
599,c848cb27b59346839206b538f7d5a3f3,36808.407443582015
600,4bea3ba2c5934008ac9da8b3405f593c,96116.65268710622
601,e2181a47379342f7a73fc57a21ee8697,43858.42468037853
602,8406359edb5e409ab230cc2e7534a5d0,68257.11333512726
603,21b180402c364e4ca5bf95c056aa0826,32296.49780726743
604,68bc2a2cc0a74bc585022292de8a8d7c,52228.79636943846
605,6a25aa7960da4f8095dde44fcec0dbc2,78697.72314127652
606,d47f15aa16ed40368012e01fbe80efb5,9735.34427535755
607,852179501e9b4fcfb462fd99d4c29da2,685.2736306148577
608,4bc41195bdbf40958b722eb77ecd56c8,54760.9463290464
609,f8ae04c29d5449f6b699bac67703aad7,98345.38272003533
610,f96283ed22ab48cabf6961c8fa52a1c0,34663.533930310776
611,6b5af22425d446ccbf65a38ee85d9ba3,36356.706677285896
612,a876e73f887a46a18fe81f4f705b2f5f,15109.120221917616
613,1d100e9b421d41158fff1f59779e03f9,83418.12819190914
614,5e5af271494249d38738b6eda374a4a2,5147.821070625058
615,e791eff054fe4b86a507fb708b002d78,78047.98305245517
616,af60784c2f49452c925a671ce2b0a679,62097.441087071136
617,d5ddac94745a48b29d39a7bc72779470,13223.831384121342
618,83d4da52564b4b33866221794d739a98,74067.53967096466
619,e2239a98b3fa42409727d2ad7b179f0c,58828.97448353085
620,82cc54d7beda4ae397e2ee72f194909f,55783.83469285799
621,e6c1e5642d98423994740ef049e20245,33470.39306268138
622,080a17ab595a4618b9e7bd4645b09562,50245.21355052127
623,57a0b02e6d854f74a778e2dff9f12a1b,22163.970302741054
624,081e1bde12ea49e9b8835ecbedd69b22,66611.86996534526
625,d109bfdfffb64fa5943d930924fce4c7,21272.630249018588
626,43fa40da02db4858b0d0e020a334c823,9124.810123488714
627,dd21f5eaeba14810800b2a8dd1ff816e,35464.2599665847
628,733956d7e42f4046ac37dc04a2bbc621,74629.84053024687
629,9c4064fc48974de0a2d6b308b877005d,71410.24858783824
630,6808c23be3cf4e77bd1cb8fbf3b87bf1,32730.32769493338
631,6b19e24ceb6b411790da4e87b898f896,52138.4763812053
632,0ac5462a8db5462b9c942a7690b89221,42999.24972784197
633,0d4a820f64df444e8bc35ff95ceeee8b,65095.541980332586
634,bdf3ba8ba6164b98b6c2c068511276ea,50170.569277081224
635,14903ea0bdd2473fbf7d578c2eb046cd,97249.82357417014
636,ebae8c9cfdde488c8785a8b906f49194,6142.661517150105
637,616d0a3b9c204497b8fb7dede9ee129b,75459.97894019395
638,e2edaa8f75be4da9b7b319f2ca41acc2,92881.34469956867
639,78e59fda1ee849e682007777e615eca0,64118.30380681647
640,3164457728ee4141afbadd4491d3e0c5,26813.84357883223
641,1f63bba34d0845c794d566c64867632c,11317.812006554685
642,4b5c36883527443f95f23696df6c70c8,62479.63803931129
643,710c3869377f433ab4e19a7ba4e3af9f,97143.96689685126
644,9da951cfe9d9436db013921027db2fe0,4232.371923403944
645,6642e6dfb6bc4ba7850159ff77e61aef,73090.9978378057
646,0f302af0b7cd42d9a720edb0cd39506b,57754.095282740556
647,009dafbbecd14b5eb4d79760f4017b42,86024.01371223766
648,2d9fd87d898d4ff4b0d83e2221678fc1,30717.001549860335
649,3b618de7ebce4e1faf3a28476b13d17f,8783.388104882284
650,0d3a31a021824a5b8cbb12d770a0c0b2,30512.61526123713
651,c977621312254678b7a3c7b1af87ec86,38252.04161858213
652,991c8455e00a4e4a905620d111136396,28246.09199043824
653,2554fc13394a412bb0a8e88792b3467e,43254.915924535795
654,33dfbead56dc473bbdb20e62d03fb6a7,57115.918388299135
655,5821eea0520d4f0c960af727f520bcce,83508.79644919866
656,f93a0b8ada6147dc812be0695dbf5b18,97972.109670836
657,f57b87e059074a19a25c7d70f2ed570c,64444.449782739466
658,44a6f09a539f43ba94e9a4d345bf335f,83280.39977650289
659,4b169769bd4c45fa8542a66ee4def6c8,12606.95244882466
660,a72a9efaa3184177842c7bc33a9b2064,78485.72626481699
661,c6679c7c534949da9dc03089e5921410,6051.3738654328745
662,f5a82a47f663442ca031a48f925e85fc,54700.38344284755
663,54711f4711644fb88178c1008fba6e24,62518.310496287675
664,29f3cb74a0a040ee8a617f74dceeac0a,71259.94039710105
665,877fbbd5de544339bfddfd002a8f31b5,96498.79173101125
666,e263c7286d3842a490a02bdfe806f451,3486.3664783652994
667,57ca4a914f87441ba740fc0ef17dbf6c,86818.53684645386
668,1180a96b655b4faa9e7ce0ff9faf43eb,36955.29241767101
669,d43a00c350c44c089c18cc15334c0ba1,92492.08263389987
670,68c5ce8197884428a3f82de967f313c7,53280.26306637009
671,d7adf4c297e740d7b7a9b19c19a41e07,47944.694170760624
672,ec738ee038234d9282a457fc80308ea1,22252.21324808455
673,594f5ba9728b47f493561fd6a05b8e7f,11905.198050007904
674,fdcf99818d09424d9d1b130bc012c77a,35413.656386022565
675,1f3b432c2ecb4d2185269912af0c58bc,7884.594359588049
676,f336125c4cb34ba08b8b6e6d2802be46,34893.8957543931
677,86281afad8dd4129bf5b0e5611cd5c25,37031.77286733181
678,b5134c221ba44e21b96f6cfa35b75e2c,81094.70227970573
679,5017b01546c9482b805f7675ef1a6cf8,86959.39500356105
680,59b6683732484de0887a0bdd3fca5c67,79635.89704601732
681,b1ef0f336ad84de4880c754149360178,96876.74839630091
682,f6287e5073d645be81ac51fa5cfe0c7c,58686.197765933764
683,f5a63f1041fd46e7902e5eef43e25385,49208.18108263921
684,77325fc49f1642d0be4403d89ae18e1e,39570.570568086
685,db30a64f7ecd4f158bba5b38dc203e9b,8231.392419561413
686,21cc908c13ed469fbcc29ae7101d2cdd,3942.115808378377
687,7b6557caf1b340b7ade9ca0505af580c,80739.16893417643
688,890c9ddc9f504cb6acb2b1bfbd8a9376,24037.052449935647
689,53d44da41bfb4d4a8b5e1c362caab64b,71684.05898648457
690,cf9f7fa1b7a3471c9b36ec8157cb49c9,31013.67552629788
691,2899130e77b4488ea87ee763498316a9,9412.461096034785
692,35c29f358c4e4f2e8fefee27c3d87fba,17228.626725627848
693,948701a93a0040249283917b0eb2b072,19466.75796744478
694,f11d59adf6ba4feebc72fe6b4463d8f9,37295.39168411398
695,5c8439563c6c4af288bdb271bbd9d4bd,56701.26693545381
696,b8cf6b055d3f4d478c1cf0adb446aea6,47872.02877658049
697,77cf21b7ff7e4c019a75312709545e82,45242.071716099395
698,c4eb21bf8dbf434eafd3370324b042c7,78661.86189736088
699,428dd77b9c4c49bf94b87e5ccc7df8e7,5475.693086602618
700,616ba64840be4bf79a56f355b77071bb,1184.6272842342742
701,8e688e0cdd4d4460b504f5ba471559fe,50154.796479637596
702,e16f6475d76144369e36b40efcf4ba0e,72323.6112002036
703,1e53655b0b8f416fa40b67862e4f2ba8,86092.25331286596
704,424791c09f21407caca2d26b498c9d5a,76451.25263690266
705,9f15c27dffd64370b11d1433af3c7a51,62435.82728941898
706,294d653fc1bf4001bbb00fb2046ded86,81644.57343582234
707,8a80f66cced345b58c9a869b63d4531d,84994.37925706246
708,324a8839531f43e1902f8efa0f7d9d72,1134.4187163722652
709,54b9f04e14414633aa759b9bfffb12b7,8958.35261346909
710,9e7409b38a844c408ecaa6228e7e7e7f,96134.83409127135
711,42be5268a838495c9994577a0b166b8b,21717.764918649595
712,6fdea40b5ce44dd68e63103f220022fb,88401.96106774708
713,1941b5e319104da594b73e89817f4d38,2669.6126144090003
714,e91d6c96b8e24f54b08b1b6cdab9a808,18864.915303602193
715,3de79ddba2374833a33c5707bba9b91d,26566.307612168548
716,23217724b159487fb901a9c254deea41,18092.93575561818
717,e74690ab229140ef8ee9a633ca508edd,92654.88053537816
718,f44d195dd4c54312a11f40f928bf5af7,37361.89673310795
719,37c423f38e2045d5969866c3ec5f8578,13740.601656174478
720,2906baec3b26406e8f1e50542f0712cd,62956.41522869338
721,8e8001882bf6441fbe8b5141aedab642,9217.307953332998
722,2d2c0bdf4f02479b838f11ac55f325f9,59173.42088753021
723,09b26c1c482048ea8a01d03f1607408d,72304.77246272494
724,09a5694f40514706aff5571b8dcb37e7,80908.69276223028
725,64f13e77c4744453b6a451299d95af93,87354.05543170866
726,01a20f0c0d414d4dbe2bf07310265848,31980.004416038977
727,3a19c559a12f4f0d8cb837c9f1027de9,42357.03209110697
728,4286ffcfd6bd47f48cc6d6cbdd04aa70,13303.609204888333
729,4f6c640a33d9413b971d2d9309dce808,98992.35432903477
730,bff1986a6fe54ec49355be422cb671e1,68244.91475778828
731,72d09c6b53594392883bb87d47396a63,58327.4371599937
732,1c48e078b39a45979497e07928e954a4,89907.35254662413
733,74a1295ec21a4c49b0f33e01eca5a355,98085.35005403041
734,180c2163e04d46139964d2aa7ca01bdb,4513.444123379118
735,3d4404cc26e145f79650475251272baa,47953.8360779905
736,6c7f2a7c5ecd466987d6be05e9662e89,41055.990406963625
737,8008d2c3dead4db68265f8d74be59d39,3506.3546600488603
738,12dd584381ec4d51a936e91ccbae4af2,80911.6045221606
739,e0fdc151b0634eae83cae440c94321c6,84749.81835959021
740,61e76ee31423472e84da4191954e4e1f,23085.183534333442
741,075a5cb72a3848a685451259a6822eaa,39783.32353761389
742,f8e84dd61b2b4150bd5a7ee20c7b13e2,56624.41330789774
743,85e9cf8a4d224a5c84e5982e97275958,15980.066947264693
744,31693f2fed464189aef1ee0e17e5c010,37482.021916868405
745,3ef548886dfe4f388cd81ec1e2c78b89,34550.57699621046
746,7d2a7c87292c4446bcfa2e3991583480,47233.93581830226
747,096a3ab87c364cbb80f8de073fdbb3ee,5054.506770893641
748,774f1dedbeac4a799113a2c324e6630f,89596.11297689947
749,4e33d0077fb04a2291cbd03718e5cc67,11440.68005644272
750,64a736efe23b42f6ad22aafe3895bcff,30530.851990911757
751,604ba1f4ce99424ca50258527f39ee32,21544.124574381683
752,85f59099d9aa4d68940ce8b53c81c4bf,80120.38678484307
753,6d6479d6f4ed4f2eb562e02748b4645e,68965.03726721549
754,ce2fe18815b5444f80cfe36e027cbca8,66313.61666999193
755,7cdb3ca34c1e4b6e83f3fc33052057b7,54579.94168111493
756,ab2fd1214ec6415796e677ec3f51d4e6,77648.23653462461
757,fbc9be27e27e488eb36cfc61dab64c66,14471.37261528475
758,f99afaa8a8db499db36951dbd02b8f71,14856.134526513642
759,f5744651edc943e9960ec1b855d16b30,57674.99380495064
760,6d7886f895cc432e96710f9fad9af023,96952.4834163765
761,0d7d3fbaf0f0404682f12c7832baceed,4392.549541509294
762,45b4700f660f4321b30110d7128c5c1d,63751.16404100004
763,3d13f272fb6e43c9b9dd52fb699520b1,26943.2188870266
764,cb51ba2201414b638da74414d9dcee01,4326.3815564332235
765,03105031b5474d49bc495f999e2be19a,86184.58241656699
766,2e1c86118b164c82984d52b1e8774b75,70621.76712355325
767,d52d3e0315e14ba5b621c44eb0e7d89f,88748.47164755131
768,4ac2b0bf8172471bab0325db0d48bb3b,29574.453340288408
769,b89373f8126249e3a1b5bc15a995ecf8,56328.9616037956
770,a25b4e09864d45b69c5127f8460f9b92,49124.645294512215
771,1e41e670a2a2474fbe4756caccbfe5fc,63692.13176648455
772,94b3cd7f82934b61ab19d0d45f27f1f2,46954.11413576658
773,d10fcf9deede4a6cb933f5ba9e994e2d,666.2942820767404
774,177862361c164c6299cbc3d5b9f74d05,13025.61497780177
775,1252a342ddd84b4c8757037fe6487bdb,69621.85920813619
776,57aefd5d1fd04b5a9800a585d3c56406,39729.852814232414
777,a1dceab0c7484d159ee108bdfd3b2cab,57662.72180046633
778,410d4740c76e4f82a9f80fd0c64c7624,20483.616458438348
779,63876ece9c094b2fbd3ddc0b6b4b0c4b,18769.796990109233
780,24e0699bd70b45d298270ffa555c760a,71944.85440000272
781,150353cc085743be9c98d3afda5facdb,7173.108718435273
782,183343830e624f1fbd36b86dc00817b5,33550.83152498539
783,ad818c3eb5c14a1fb4393a8ee8633474,65022.87576661815
784,bc36273d5b97474fbe2ffcb61e666ed9,54096.15890568532
785,cd947ffd66cc40ba9f7178165ccdb163,10336.119623566165
786,e169c490f8514b72a3d99505ca3cea07,50524.905816453815
787,890fa325ef2d411a97839ecdcd8847d1,8180.633604354526
788,95ee2b107b464862b22c3e13546c8ce2,40342.34012041815
789,9668bc2670ea46248489ada54cef451a,38871.93911586476
790,d4470fc9d40b441c9dbd3ca697b90b73,49448.000716620365
791,f5ea035ceb0e4c61a60add29f5d0f4ba,2839.3483837918843
792,af86f6e68fc44b16915fd990be78f894,77193.76423334329
793,6c31b36aefd84d92bbbce59d69729ebf,70617.07777342576
794,dd975aeaf3084cc1b45dcc1166a70eac,39693.02524203684
795,e42d1e146f78458aa5cabe77e14d7669,51331.92969473984
796,c00233d93f7a4af9bd381fbdec8b15f8,42697.0771623977
797,dd1d059dcdb748ea801a090dcb26ca9b,20492.96845634101
798,54d82dd0ae8b4196a5d349753d26af35,51939.15001853469
799,73a10f15d65240e6807ffb85a62a2fbb,10885.215557339823
800,83e24bbf05f944bc96bdf3271156e67e,89004.86142396757
801,c864fec01d76471fbeebfba2cb169137,88821.12857908764
802,8e225cca558242bc9c1d52e8195c5ebf,5436.959167114863
803,433b9f2799e74ceea3953e2bad8492cf,87217.66446984674
804,4b9f7844b3a641b888e714777a6491f3,84072.49150653333
805,f0fdebc04d064715bf47625c5fe1b4a7,61636.15024285075
806,cf70367fb24b455dba4ed340a0fc5f46,90977.83828800678
807,b4d9a7d8e79f4860bf67b92c41874fbb,74122.520080873
808,2d4582c6fed34f01840e86bf16621eff,91015.72143843058
809,c229ee2794da427495fcc89640b01de3,62587.32822985909
810,3b6749f1adb64172980cc573b2ccf1da,42145.85085174095
811,784ad0637a3a4143a257d118dce21241,47659.019373967916
812,635b698d12284623b3b67646f8f87908,71652.36199435174
813,de7d6505e21c479f8d6e942a542e99c1,58375.453883522874
814,9c63af884cbc4288a2ffe7f8eb0c2b30,8140.791771869449
815,9f92b99ae131409882b22cd16923e313,4414.133396031294
816,7ca03c9e5b084a8493e9b5810ad81d66,76911.51916115906
817,bad6449332eb4fd485dfbf82009fd46f,39870.45336045753
818,5f5b3aaedd684bae8c2ad950dfe8f524,68155.95403780942
819,70f97a533e3245f2b32be60619b08572,84489.45065831594
820,264a95ef245445dd8ff4bab91e9c4242,72580.77773562299
821,fcba31db40984b74808947488e9cc37d,30505.983642404964
822,7e3350e469874408aded6cfbf7932859,3209.408494445454
823,43c98dfad9774d62ae3f34704b216010,72967.83686579617
824,83ee3bffee8d40589bc4fc9156ea0fd2,95539.72730601713
825,ab4dbfe4c421452ba2af0ee8752ea74d,26066.682638564776
826,bef1d4817a164a0fa5d0dffe7e9e8d06,35286.92502655351
827,b388f7706855409ab090a2bf51092610,56190.84787976938
828,7a0c0a3c2132458888514a0148872bd2,82970.01237773125
829,98637f917f8e4a188adb95e57f15b38d,6889.024957821676
830,751015e00f8c44f8a74420ee79a464c1,36183.46993498222
831,a11e5baa2332470b902c3f1346df4ccc,7507.966141377653
832,6044a2ca98a74939af83c8757287fd3d,51210.37124297252
833,2c7e6c4722b04655a3a68457671dda7c,4062.7053558042194
834,cb16d91dc063401f85dc006d883bdf3c,16039.343984727228
835,825d7273133b4f48a7b861cda5d0f153,5359.335143817756
836,b359f4bc11b64cfd816032694e6c777a,45995.23070061344
837,e6f56654ee834bd3b3afb7714d9844fc,21601.231477364825
838,397bbf79c9ff4ba49a4366acea5178d6,78059.26322553708
839,b652f0f28c2147c1b6d45397b66efff4,9186.793582649989
840,c5dc394efe6b48a69c989208fb73ddbc,98979.42919154375
841,2f003af9571c4b63bde163674bd342d9,10911.42572443251
842,25c03b74880143ef8fab496f29c94c50,35622.99005319393
843,1fd83baa9a9d4429a8eb13ccfcf369a4,93883.21953094972
844,1d352dcfc24b42b292076b1cf653976d,42106.68409035262
845,336d11c4e1c0462b969998099bf6eefb,97339.33490875743
846,f6f2219ed5574423aa12aa4106e867bb,15163.750185244451
847,2323def0995f4274af7fc1040abf3f67,27134.06269654517
848,8e9233469e2d42f98288dcee27e53c95,48079.9733622991
849,4f65ec872a1b44bfb1e148534e71c8dd,12756.87006936983
850,a0a877a2d6aa4886a2942429084690dc,87270.33550762382
851,9b328e183c8041eb97317233127748d0,70592.9956215784
852,d699d2bf1a324e28ad4a71329476308a,22301.24810720514
853,c7fc4defb7d442d8aea1f89418df13af,59927.49298879036
854,2769730bc07448b4a818bc3aa9757515,3781.2434299468014
855,0ec2ef19ee404c5d84cbdbe06d502e8c,29770.343477615414
856,7611decc9c8d4415bfa35fd15c2fdaa6,55075.562987472804
857,9493a94af44545318695cb2601fecdea,37591.08766003696
858,e8d3993b38b948728df90bd11fd3288c,34113.732179229584
859,df00a4c14e534bc1b99e35b2c6e1b169,46104.57633303698
860,053ecce2844d4f6a812714db24ecfe95,38811.121617316865
861,e994ebdd7a384f3d922ba1e86e0d56a9,91847.82257991767
862,ff502d322c60430ea2ba6d6963476479,39169.53287298599
863,c51a0d1aa3514fa89563e78df44f77cd,55849.342628501705
864,f97a88714995489aacfa7c4e239de437,82153.54544787234
865,79c5224430044ff19de67aee51821f3c,15423.916439009688
866,65302e7f7ff443f4ba67fffc22dd791f,29452.157471704897
867,07eeb3d21f784456b7dd10c1093e752d,30122.78415952503
868,07caebfe3e5940cba8759098776ab0f8,92506.93338980364
869,1ffa0e8cd4e04ddc90b81298157d45c2,29587.394098385877
870,18c3bb1e9a154f7994df94ae1bf216df,37365.807033493795
871,e759d78afa21471c81afa0d301cb3ea9,29109.62939111351
872,9231ed1d2ea54698a03e8b0fbdd29799,26488.3067330577
873,361c49cca1b34a49b9dee7058749dfcc,95976.11218876422
874,722b996a5a264e7d82590ccecad5e7b6,26120.115025374937
875,6dc619e28a43455abdc8bdf71e3384bc,26459.222656015845
876,b6efcb6c9cf24188bd585d0d64cf38dc,43244.98684860776
877,f66d9ba5cd6b4978b08d9de6a4f8b59f,60023.46974667724
878,6fab734f1b8b45e48e1155f1567c6103,985.6124389805987
879,bb420e90db514f59903bf8e2c00260f1,78439.38146586795
880,4ba8ff3065c64cb09074acb692b42b0b,4557.781338019174
881,dae81f9c2f744625b37b85f45e9dba1a,67398.12735379512
882,e1e9135b5b9d45188cf1bcb78a20a512,73969.50544498407
883,3d608451cb9b48c68dad372ab3da39fe,89267.37769337994
884,9aa45aac2f2a4de6b9d48af047e6fa59,61638.705377488346
885,647701d886ca4fa88349b3bea4583b8a,41648.81911502564
886,d33b9469c27443eaacae8411ef1699fa,47146.81428283084
887,117a72e2fa8a44599cb4e1ca237ca23d,941.7039946383876
888,7861d22955e04226a8df61eef3bd86cf,93595.16151183182
889,099bb8af75514952a6bdc9f7c96bec4c,42580.52895572013
890,ca3dcc2714e94d0789f5751baffed792,31829.737214631372
891,5b24934799e343a296f642f8d4a06c2d,465.65710560079185
892,f6e74046b1e24066befabb08932425b1,57425.841355599594
893,d1f4df7362ff428ca46848ac169dbcf1,45398.589387306834
894,a11a13e2b2e24010a862c816ac10a447,70972.10958910688
895,03918fc1e2e84b5b886d47e905158a13,49592.43917398789
896,2715de8bbcda4eca8486c1ea09293bd1,69848.88283021284
897,8e45911937014d9fbd2d9965e30e4b80,33700.645692607315
898,7b76e8190bec4dafafadb78e9417cb42,56735.93253291568
899,34e6c207e344466b8288867d7fb0ae1b,36773.969399067384
900,e56b7dc402134a51aca0c45d97ae6a96,49258.74074335758
901,3a8e07ecb5804ba39535bc99229cfcb7,20369.172176579254
902,4f075bd3284a4275bb4a5f179490fd92,75209.08066826519
903,d07a7474a0874db19577b80a92f4162a,74468.37807490423
904,6069c79170564f578f94385d8adcdd13,75947.78227558837
905,8ae4bf212bb44ce8a7895119f2f10fdc,30113.810883128277
906,df8602f539b64c8ca80a16dc970bf30a,18686.218077222995
907,c44d6829d3ca440fbeadbe7f3b8c31ac,14653.399141686552
908,5a30d4d763a84c2c9eeb8c221c1f5358,31553.761677327962
909,32562590655841fda73c0831646950f0,98764.15621408231
910,00030787128640b082b07b6b3491fb2c,61044.59242915905
911,045aab477a014f73a84b70cb126b5198,70534.77636158065
912,670a62a6af25459496a9ef9b497fe265,45735.030520891596
913,c4600d80d0ea41da9a8676146e641142,8971.325325802603
914,844270d0ad9d4e3f8f8c820089145e7e,34277.313700686165
915,207acaccdad940d2be9bab79ebd6b74a,92861.36899509738
916,2431940e799c4ed08d080d46dcc019cb,57888.37940075986
917,94e20c5d38fa40799051d6da2f11dcaf,34142.969018968164
918,a9fda078261b443480d0d2702ff37141,60443.50060199364
919,d9af6dce711b4bd58bf0ae334ec53d84,21144.79892549723
920,98be129949844898a8a7bce83b086db3,82171.57583461935
921,ec1a1da06537479a8d71b6e5d2310627,87786.57111174583
922,f64c4747d59741d2bf645060539a53c2,27969.43581210406
923,8e8f3b6c74f54fd6a2e4ca3ccf5e1880,84966.82355993633
924,b08c3d87cf1c4793bf4ea1409e56159a,69944.73123217787
925,8ceaebbf27854ce4a25bb29b7c4295df,79980.24023554816
926,d82fa4ffd3d443ec92f673b588f5e017,92082.67258926957
927,4abcb444eac84787a2177f945da1109b,15119.887324212323
928,791df19eca55442886df2ce0460a8a81,51010.37469151017
929,aaed9b8bea3a4942abcedad644d2552d,12627.786569045873
930,41e44e5e7d374472835314cb18794d36,35829.62425830583
931,cdcd00e4581844a8ade9bd2386abfbdf,63833.74338529387
932,77bcca5bb22a4ecd8277fb3e5dfce18e,54094.65064662806
933,6da107118ee7404b99d8b8c72bda4b02,92025.74305883431
934,c5f85e319f0c4f5a8676f80a664aa7db,46108.68890968671
935,da6c157819bd40a089f7944fcc6ba269,55279.86624940174
936,106417c211994a2f89eb79d4385b20f1,19328.028208898217
937,97bf08ca9dc840afa0923dc76bc59ee9,80359.26945841454
938,dfcb98e4440140fab67f76ed1ee07c5b,45353.32186286864
939,0338555bad7345869461af5d05859eae,2491.731854397683
940,8036b09d52cd44e2b2628feea00cbdb5,53489.75645383327
941,e6578f4b6a154f4eb91ebc9e63ce492a,74222.57756215252
942,7f12f7ed268e4f6597c0a666a4b5b2e1,13411.08837785706
943,65a6c5e6844d4df686733696434af53c,93506.32756392985
944,31d6cfb656cc4b15b0356a58817ea4a0,81658.66170806128
945,a877ff94d9014ff49c15102f8deb73b2,65986.15914110573
946,3f0b47c4ea9449408bd186d2ef116c64,43744.96734181656
947,aaae81d71f0b4a2e93e1628dd4eb92e5,37809.25800153605
948,1e162ed5b37b41229dc73bd8495502b7,75187.3182230457
949,ee1f7f1b214b46109de0c010010ede4e,5332.8465774381775
950,3c770a71a9674af4a0be98ffd9ee9840,71687.86524534288
951,471bb76e17da4b8f94eee776a661e5db,12993.389346208794
952,ba4cbf782de54fbbab57f341eb28d59e,24051.96436405026
953,1a6071cd87df4d86a6a2a9563d6499ba,90208.08627506922
954,051e080b3f64493483ee155ae6269abf,15558.890169580742
955,eccfe8ac148b4047bbc199edf7a8904c,57637.52094667517
956,e6d7d48482dd422081299dfb31c9b3e3,41365.83157636419
957,c22aad93d2ff422da4a4ca2acaa06f4e,16510.18503379663
958,f07e1bdff1bc4541b3adfbe1e0d767cd,16462.591747127142
959,887fadace6cd48fb8de09a75cc024dc5,86501.18965858872
960,d6cf75512c654e33a2fe988f35419227,34202.30580450923
961,feefe695802a490aba5290f571339fb7,44196.793466946816
962,5887eb023a824a96a15b9660ffe908b0,72908.41626701827
963,6bac851693454b3f83db18eb906d61f5,6574.2708633415805
964,4ddb8a16917149b484f8666f96d4f19f,44787.93267119695
965,e2e0da98e5c44d5fbafaa90448d56049,5964.031203788933
966,ab727d3a6986414e99a9ba591830168a,41465.942149831804
967,a2bea8734f0a4cd4b02aff131410d2d1,11742.4023844671
968,c497fc1f137e4729980bed9e3fa514c6,85869.8942653845
969,a0439b2ea5c0494196bf242308e44e8d,82746.9148525258
970,74a26868aa604144af86515c408ee707,33733.0530636793
971,957daa0ad50e41049759d2305bef57ad,45636.651511616925
972,0b0cadf4ec9d4c31a0af3dd1469cf436,39741.94710171406
973,3eb7df576ccc42c88b0c2ff7c1a4e087,19331.693448637878
974,a140d07bc4214cb185109ecec5dc9485,38827.85781735032
975,b89d59f29128462fa3ec62acb0faeb55,34073.99826160326
976,0cf5b9e8866d40a78e607653e29f0ed8,19647.632870197518
977,99c0490b8faa4b73a949ccfbd73e9c6d,80868.07332304254
978,5011585358d44c4181376b2c42413617,94674.91289094214
979,5f2473eb943044dea66223bb93b3eab8,20580.917740884684
980,c85cf2c88a4f46c09e1c21196f72b461,17593.286519105455
981,2e9698209fbd4d6f9321aefc8a070441,18291.451592535148
982,9c80129333584ba1857390c5382830af,36331.795165120995
983,d37a658ba0aa4682ba92aa9837e4c603,82713.58880576814
984,6512d9b5b70e4a45a4774b7a3fb1ff3d,56314.5281437896
985,3b31de18a8e242c589b8921037bb8b00,75236.86625934571
986,9415930318b648d49ce78e22bef1f1e3,13281.845690615757
987,05ff5c2d680c4bdea6d6a6c3e45620b7,73235.43989599498
988,08de4a4e74fa431e98aa8a794f507274,39958.78887806801
989,f5bf80fd20904d768b1d11da8c25c8fd,96771.97086068535
990,1b373075352e4fa0b925bd61d3a45891,46138.578869578894
991,a7191d2970d541d2ac460140b409ef47,88313.14359352004
992,f1d56b78d337454aa0034cdba982bc5b,41958.43032609968
993,24f548b4ab994778828f01a1439b8691,45799.17622748078
994,ef382523dadb447e995f6c05ecc791d9,2601.3629848200326
995,130269fcd1ac46af90db6f49d3706a02,7110.160098425345
996,ff69de00ac10460ebfca42c944f9e55b,89314.29029736991
997,b873a4b7aaef4cee8dce6234e136d4c5,58946.27354805145
998,892f18ecb00f43e3b8094996340ba724,87897.17192581845
999,6d08e78ab142442799028508d8548ea6,19769.821064412274
